day,platform,kit,post
1,linkedin,prevention-rule-library,"OpenClaw agents are easy to start and hard to trust. I packaged the ThumbGate prevention rules I would add before letting an agent write files, message customers, or touch payments.

Kit: ThumbGate Prevention Rule Library for OpenClaw
Checkout: https://buy.stripe.com/eVq5kDfCY7Dg4lH49Z3sI13"
1,threads,prevention-rule-library,"ThumbGate Prevention Rule Library for OpenClaw: A copy-ready rule library for common agent failure modes: unsafe writes, stale context, bad customer replies, payment/refund risk, and missing proof. https://buy.stripe.com/eVq5kDfCY7Dg4lH49Z3sI13"
2,linkedin,reliable-governance-kit,"Most agent templates skip the trust layer. This kit adds owner, tools, permissions, prevention rules, and proof before the workflow gets promoted.

Kit: ThumbGate Reliable Agent Governance Kit
Checkout: https://buy.stripe.com/bJe14naiE9Lo7xT49Z3sI12"
2,threads,reliable-governance-kit,"ThumbGate Reliable Agent Governance Kit: A complete self-serve governance kit: rule library, agent registry worksheet, launch checklist, proof report template, and promotion copy. https://buy.stripe.com/bJe14naiE9Lo7xT49Z3sI12"
3,linkedin,restaurant-ops-starter,"The first restaurant AI workflow should not be an unreviewed chatbot. It should be a manager-facing workflow with escalation and proof.

Kit: OpenClaw + ThumbGate Restaurant Ops Starter Kit
Checkout: https://buy.stripe.com/fZufZhaiE5v819vdKz3sI14"
3,threads,restaurant-ops-starter,"OpenClaw + ThumbGate Restaurant Ops Starter Kit: Five restaurant workflow specs hardened with ThumbGate: order triage, review reply drafts, inventory alerts, waste reports, and shift handoffs. https://buy.stripe.com/fZufZhaiE5v819vdKz3sI14"
4,linkedin,multi-agent-governance,"If an agency sells agent workflows, the moat is not another prompt bundle. It is proof that repeated known failures become rules before the next client run.

Kit: Hardened Multi-Agent Governance Workflow Kit
Checkout: https://buy.stripe.com/7sY8wP4Yk7Dg9G10XN3sI15"
4,threads,multi-agent-governance,"Hardened Multi-Agent Governance Workflow Kit: A client-ready multi-agent governance workflow with registry, handoff rules, approval gates, retrieval checks, and monthly proof report prompts. https://buy.stripe.com/7sY8wP4Yk7Dg9G10XN3sI15"
